ZIP,Gender,Disease,AgeGroup,BloodSugar,BloodSugar_noisy
315**,F,Diabetes,31-40,108,110.33562758691545
315**,M,Cancer,31-40,147,146.06745949502928
735**,M,Flu,31-40,88,88.25603013894725
735**,M,Diabetes,31-40,138,134.05228691026093
315**,F,Flu,31-40,118,118.17386481287245
